headline,date,url,description
Trump announces 25% tariff on India and unspecified penalties for buying Russian energy,7/30/2025,https://apnews.com/article/trump-tariffs-russia-india-9e388a55583e7007149819c52f0fd71b,"President Donald Trump says he’ll impose a 25% tariff on goods from India, plus an additional import tax because of India’s purchasing of Russian oil."
The Grateful Dead toasts its 60th with concerts at San Francisco’s Golden Gate Park,7/30/2025,https://apnews.com/article/grateful-dead-60th-anniversary-san-francisco-a607472bd5a08bec5d9409ea6f6b0a4d,Tens of thousands of Deadheads are pouring into San Francisco for three days of Dead & Company concerts in honor of the Grateful Dead’s 60th anniversary.
Scores of Palestinians risk their lives to retrieve air dropped aid from the sea,7/30/2025,https://apnews.com/video/scores-of-palestinians-risk-their-lives-to-retrieve-air-dropped-aid-from-the-sea-8e9ea0a8ea1b4b9b8cc4ffcf8671fbb1,Scores of Palestinians risk their lives to retrieve air dropped aid from the sea
US economy rebounds a surprisingly strong 3% in the second quarter,7/30/2025,https://apnews.com/article/us-economy-growth-tariffs-629549a1e77e6f1823adbcd5ccf78941,"The U.S. economy expanded at a surprising 3% annual pace from April through June, bouncing back at least temporarily from a first-quarter drop that reflected disruptions arising from President Donald Trump’s trade wars."
Protests in an eastern Yemen province intesify over prolonged power outages,7/30/2025,https://apnews.com/article/yemen-mukalla-hadramout-province-electricity-protests-arrests-758259253f20488e62d1f980d29e6479,Protests in eastern Yemen have intensified for a third consecutive day as residents demonstrate against long power outages during scorching heat.
"Russian missiles hit a Ukrainian army training ground, killing at least 3 soldiers",7/30/2025,https://apnews.com/article/russia-ukraine-war-attack-military-civilians-trump-d3622886e7f30278d12431d20dd77fb2,Authorities say a Russian missile hit a Ukrainian army training ground in an attack that killed three soldiers and wounded 18 others.
Medicaid was signed into law 60 years ago. Trump’s big bill is chiseling it back,7/30/2025,https://apnews.com/article/trump-big-bill-medicaid-cuts-snap-ed0d2c7c20b43c54265dbc9cb215b647,"This summer, President Donald Trump has begun to chisel back Medicaid and food stamps. On a July day in 1965, President Lyndon B."
18 countries apply for EU billions as Europe seeks to provide for its own security without the US,7/30/2025,https://apnews.com/article/europe-defense-fund-russia-ukraine-trump-35b387b8eb78cbbdf20d3eb21d80b9e8,The European Commission says 18 EU countries have so far applied for billions of euros from a new defense fund aimed at helping Europe provide for its own security.
What’s behind the deadly border clashes between Thailand and Cambodia,7/30/2025,https://apnews.com/article/thailand-cambodia-border-conflict-explainer-0eb99510a4ea16ee769a5934e0c07383,Thailand and Cambodia have implemented a ceasefire intended to end five days of armed combat over disputed territory along their border.
Thailand and Cambodia reaffirm ceasefire after China-brokered meeting in Shanghai,7/30/2025,https://apnews.com/article/thailand-cambodia-ceasefire-china-brokered-1970718e765717be6f7e3f69e0c006f3,Thailand and Cambodia have reaffirmed their shaky ceasefire after days of fighting along their border.
"At least 46 Palestinians killed by Israeli fire, Gaza hospitals say, as the war drags on",7/30/2025,https://apnews.com/article/israel-palestinians-hamas-gaza-war-news-07-30-2025-9b9b516f22e61bd1dde879733fdd97aa,"At least 46 Palestinians were killed in Israeli fire in the Gaza Strip since Tuesday evening, according to local hospitals."
China and Russia to hold joint naval exercise near Japan next month,7/30/2025,https://apnews.com/article/china-russia-military-joint-sea-naval-exercise-69a9debd6eb6596b0dc0cb419568881a,The Chinese military has announced plans for an annual naval exercise and a joint maritime patrol with Russian forces next month.
"Ugandan and South Sudanese troops clash at border, killing at least 4",7/30/2025,https://apnews.com/article/uganda-south-sudan-border-military-clash-6a7b0cec647c4c02d3724c45d213fcaf,"Troops from Uganda and South Sudan have clashed along their border, resulting in at least four deaths. A Ugandan military official reported the incident on Wednesday."
Police arrest suspect in Melbourne synagogue arson attack,7/30/2025,https://apnews.com/article/australia-synagogue-arson-melbourne-arrest-adass-israel-284a5f73687ef35d6896b1b79fd2d61f,Australian police have arrested a man suspected of setting fire to a Melbourne synagogue in December.
Pope marks 50th anniversary of Cold War-era deal on security and human rights,7/30/2025,https://apnews.com/article/vatican-pope-helsinki-accords-peace-b7dffeb5d6342dc6e29f69e1b0bb4802,Pope Leo XIV has called for a renewed commitment to diplomacy to resolve conflicts. He made the appeal Wednesday as he marked the 50th anniversary of the Helsinki Accords.
"China promises to help companies slammed by tariffs, as talks with the US left in limbo",7/30/2025,https://apnews.com/article/china-economy-trade-jinping-trump-bessent-5a2debf89f0f530f80b0a956800d2576,China’s top leaders have pledged to help companies slammed by higher U.S. tariffs but held back on major moves after trade talks with the U.S. this week left businesses in limbo.
"Fireworks workshop explodes in central Thailand, killing at least 9",7/30/2025,https://apnews.com/article/fireworks-workshop-explosion-suphan-buri-01990024fcc9690dc8c6af58b784b0f0,"An explosion at a fireworks workshop in central Thailand has killed at least nine people, according to local officials."
Ukraine’s second largest city Kharkiv comes under Russian attack,7/30/2025,https://apnews.com/video/ukraines-second-largest-city-kharkiv-comes-under-russian-attack-176dfcc89a1340a9af9a88da643c50c1,"Ukraine faced another night of Russian drone assaults as several cities and regions came under attack between Tuesday night and early Wednesday morning, causing injuries and damage to both residential and critical infrastructure."
At least 9 killed in blast at suspected fireworks factory in Thailand,7/30/2025,https://apnews.com/video/at-least-9-killed-in-blast-at-suspected-fireworks-factory-in-thailand-a399e8215a944fef870e13e24ae094ac,"At least nine people have been killed in an explosion at what’s believed to have been a fireworks factory in Thailand, on Wednesday, according to local officials."
Female tour guides in Afghanistan lead women-only groups as some travelers return,7/30/2025,https://apnews.com/article/afghanistan-women-tourism-guides-85ec28ecf39a273ea9f701a005cd7402,"Afghanistan is seeing the emergence of local female tour guides, in a country whose Taliban government imposes the world’s harshest restrictions on women and girls."
Francesca Albanese says US sanctions over her criticism of Israel will seriously impact her life,7/30/2025,https://apnews.com/article/un-investigator-francesca-albanese-israel-gaza-famine-007fee19bac67a7da02eb153b2e66e03,An independent U.N. investigator and outspoken critic of Israel’s policies in Gaza says the sanctions recently imposed on her by the Trump administration will seriously impact her life and work.
Displaced Palestinians wait for food to be distributed at charity kitchen in Khan Younis,7/30/2025,https://apnews.com/video/displaced-palestinians-wait-for-food-to-be-distributed-at-charity-kitchen-in-khan-younis-b9ee10d3a2f8489f86ede9368f0bc917,"Scores of Palestinians lined up at a charity kitchen in Gaza’s southern city of Khan Younis on Tuesday, hoping for a share of whatever meal they could get for the entire day, as humanitarians continue to warn of looming famine."
UCLA reaches $6 million settlement with Jewish students and professor over campus protests,7/30/2025,https://apnews.com/article/ucla-settlement-jewish-students-professor-protest-suit-216b78e0ea29e529668aecf5d1019b47,"The University of California, Los Angeles, has reached a $6 million settlement with three Jewish students and a Jewish professor who filed a lawsuit alleging UCLA violated their civil rights."
"As US grapples with China relations, Taiwan’s president scraps stop on American soil",7/30/2025,https://apnews.com/article/taiwan-china-trump-lai-f8bae1421f9d55e240a50671e14ec23f,The Associated Press has learned that the Taiwanese government has called off a plan for its president to transit through the United States on his way to Latin America.
Explosions on the Gaza skyline seen from southern Israel,7/30/2025,https://apnews.com/video/explosions-on-the-gaza-skyline-seen-from-southern-israel-33b47283c5fa4f87903c4e1b121a24e7,"Large explosions were seen early on Wednesday on the Gaza skyline from southern Israel. On Tuesday, the Palestinian death toll in Gaza passed 60,000."
Thailand and Cambodia ceasefire holds despite reports of skirmishes,7/30/2025,https://apnews.com/article/thailand-cambodia-border-clash-ceasefire-36da6c2ba1a1c33a16ca6ddf1cb82bda,A ceasefire between Thailand and Cambodia appears to be holding as tensions linger despite a truce agreement.
"UN conference backs two-state solution, calls on Israel to commit to a Palestinian state",7/30/2025,https://apnews.com/article/un-israel-palestinians-twostate-gaza-declaration-conflict-7373306d09d7efbb634dab53be711586,A high-level U.N. conference gave “unwavering support” to a two-state solution and called on Israel to commit to a Palestinian state.
Pope Leo XIV surprises Catholic youth festival with unexpected popemobile salute,7/30/2025,https://apnews.com/video/pope-leo-xiv-surprises-catholic-youth-festival-with-unexpected-popemobile-salute-e211fcec5fcd4432ae3d9f5f139fd881,"Pope Leo XIV surprised tens of thousands of young Catholics on Tuesday and showed up unexpectedly at a Holy Year welcome ceremony, thrilling the kids and receiving a rock star’s welcome in the first big youth event of his pontificate."
Union Pacific and Norfolk seek 1st transcontinental railroad through a massive merger,7/30/2025,https://apnews.com/article/union-pacific-norfolk-southern-transcontinental-railroad-merger-b15664ec5cc55b985a0a32a1bf990d41,"Union Pacific is seeking to buy Norfolk Southern in a $85 billion deal that would create the first transcontinental railroad in the U.S, and potentially trigger a final wave of rail mergers across the country."
Democrats implore Trump to step up role in addressing suffering and starvation in Gaza,7/30/2025,https://apnews.com/article/democrats-gaza-israel-starvation-trump-c20c442ffa6e6379df7cbc3fe75404ac,Senate Democrats are imploring President Donald Trump’s administration to step up its role in addressing suffering and starvation in Gaza.
Police clash with anti-government protesters in Serbia over student expulsion,7/30/2025,https://apnews.com/article/serbia-protests-students-police-clashes-e9feceaa1c62028ad0dd12b4af50c23b,Police have clashed with protesters in Serbia after the forced expulsion of university students from a faculty building.
"‘Worst-case scenario of famine’ is happening in Gaza, food crisis experts warn",7/30/2025,https://apnews.com/article/mideast-wars-gaza-famine-israel-warning-d14ca629a68f7bdefe9c2fcc67d62224,"Gaza’s population is facing the “worst-case scenario of famine” and “widespread death” will occur without immediate action, the leading international authority on food crises has warned."
"Starmer says UK will recognize Palestinian state unless Israel agrees ceasefire, ends Gaza suffering",7/30/2025,https://apnews.com/article/starmer-recognize-palestinian-state-israel-peace-a08e929a9459e9160992f84dc73b6638,"British Prime Minister Keir Starmer says the U.K. will recognize a Palestinian state in September, unless Israel agrees to a ceasefire in Gaza and takes steps to long-term peace."
"Gaza death toll passes 60,000 as Israel feels pressure over famine alert, AP Explains",7/30/2025,https://apnews.com/video/gaza-death-toll-passes-60000-as-israel-feels-pressure-over-famine-alert-ap-explains-a09f253f597b49a0a595a46027c88887,Experts warned Tuesday that the territory of about 2 million Palestinians is on the brink of famine after Israeli restrictions and a breakdown of security have made it nearly impossible to safely deliver aid.
Why are scientists dressing pigs in clothes and burying them in Mexico?,7/30/2025,https://apnews.com/article/mexico-cartels-disappeared-technology-pigs-9e0fec063c7365c9b1dc4d2262313f86,Scientists in Mexico are testing innovative methods they hope can be employed to locate the overwhelming number of people missing due to cartel violence.
"Trump says US will partner with Israel to run additional food centers in Gaza, but details are scant",7/30/2025,https://apnews.com/article/trump-gaza-netanyahu-humanitarian-aid-starving-children-25ff470d3ddc037dfbdfc5a8377aafe6,President Donald Trump says the U.S. will partner with Israel to run new food centers in Gaza. This move aims to address the worsening humanitarian crisis in the region.
"The Latest: Gaza death toll passes 60,000 as Israel and Trump feel pressure over famine alert",7/30/2025,https://apnews.com/article/gaza-palestinians-israel-war-hamas-latest-c8120b0100ca83134743b478523b9dd4,"The Palestinian death toll in Gaza has passed 60,000. The world’s leading authority on food crises says the “worst-case scenario of famine is currently playing out” in the territory of over 2 million people."
Browns owner Jimmy Haslam says drafting rookie QB Shedeur Sanders in fifth round was GM’s decision,7/30/2025,https://apnews.com/article/browns-haslams-quarterbacks-shedeur-sanders-4f28da08d8303cad0b7d10551d287613,Cleveland Browns owner Jimmy Haslam says he’s not the one who drafted rookie quarterback Shedeur Sanders. It was all general manager Andrew Berry’s doing.
UK will recognize Palestinian state at General Assembly meeting in September,7/30/2025,https://apnews.com/video/uk-will-recognize-palestinian-state-at-general-assembly-meeting-in-september-760c635a53cf49e8859a355d45e224b5,"The U.K. will recognize a Palestinian state in September unless Israel agrees to a ceasefire in Gaza, allows the U.N. to bring in aid and takes other steps toward long-term peace."
"Attack on military base in Burkina Faso kills about 50 soldiers, residents say",7/30/2025,https://apnews.com/article/burkina-faso-militants-kill-sodliers-e1fbb8fd278846e6a87a33812849cb9a,Residents in northern Burkina Faso say an attack by an armed group on a military base has left about 50 soldiers dead.
"A settler allegedly killed a Palestinian, and there’s video. Israel released him to house arrest",7/30/2025,https://apnews.com/article/palestinians-israel-settler-violence-sanctioned-west-bank-2ee60c60369616abcece7fbaa18c96a0,A radical Israeli settler accused of shooting and killing a Palestinian activist during a confrontation with unarmed Palestinians in the occupied West Bank has been released to house arrest.
Why there hasn’t been a formal declaration of famine in Gaza,7/30/2025,https://apnews.com/article/israel-palestinians-hamas-war-hunger-aid-famine-explainer-155d22f7db41bf794a1c7f4cf87bdbf6,The leading international authority on food crises says the “worst-case scenario of famine is currently playing out in Gaza” and it predicts “widespread death” without immediate action.
Trump administration wants Harvard to pay far more than Columbia as part of settlement,7/29/2025,https://apnews.com/article/harvard-fine-settlement-columbia-trump-7d67ce469278232d137d46e9ec690e16,"The Trump administration is pressing for a deal with Harvard University that would require the Ivy League school pay far more than the $200 million fine agreed to by Columbia University, according to two people familiar with the matter."
Russian glide bombs hit prison in Ukraine’s southeastern Zaporizhzhia region,7/29/2025,https://apnews.com/video/russian-glide-bombs-hit-prison-in-ukraines-southeastern-zaporizhzhia-region-934e57cd38a446c9ac61834e9c73ddb2,"Four powerful Russian glide bombs hit a prison in Ukraine’s southeastern Zaporizhzhia region early on Tuesday, authorities said."
"What Americans think about Israel’s military action in Gaza, according to a new Gallup poll",7/29/2025,https://apnews.com/article/israel-military-gaza-netanyahu-trump-poll-dc79937460ed55e9a020acba652eba4b,"A new poll shows support for Israel’s military action in Gaza has dropped among U.S. adults, with only about one-third approving."
Russia kills 27 civilians in Ukraine as the Kremlin remains defiant over Trump threats,7/29/2025,https://apnews.com/article/russia-ukraine-war-prison-zaporizhzhia-feb6039758a0ee9bb21e1dab986c20b7,Officials say Russian glide bombs and ballistic missiles have struck a Ukrainian prison and a medical facility as Russia’s relentless strikes on civilian areas killed at least 27 people across the country.
Aid dropped over Gaza as Israel begins limited pause in fighting in three populated areas of Gaza,7/29/2025,https://apnews.com/video/aid-dropped-over-gaza-as-israel-begins-limited-pause-in-fighting-in-three-populated-areas-of-gaza-e9a6898047084c8dbb4c74c416d70d94,Experts say that airdrops are insufficient for the immense need in Gaza and dangerous to people on the ground.
Jason Momoa calls for more authentic Hawaiian storytelling,7/29/2025,https://apnews.com/video/jason-momoa-calls-for-more-authentic-hawaiian-storytelling-84af46569f2e45e9af0efba1165e72f0,Jason Momoa says his new Apple TV+ series “Chief of War” aims to tell Indigenous Hawaiian stories rarely seen on screen.
UK will recognize Palestinian state in September unless Israel agrees to ceasefire,7/29/2025,https://apnews.com/video/uk-will-recognize-palestinian-state-in-september-unless-israel-agrees-to-ceasefire-504ad2a5db6049c1a16ba01f644546e8,"Britain has long supported the idea of an independent Palestinian state existing alongside Israel, but has said recognition should come as part of a negotiated two-state solution to the conflict."
US support for Israel’s military action in Gaza drops according to a new Gallup poll,7/29/2025,https://apnews.com/video/us-support-for-israels-military-action-in-gaza-drops-according-to-a-new-gallup-poll-bf66b21313d24572a7a8870ac9ae6757,"A new Gallup poll shows support for Israel’s military action in Gaza has dropped among U.S. adults, with only about one-third approving, which is a decline from the beginning of the war with Hamas."
"Palestinian death toll in Israel-Hamas war passes 60,000, Gaza Health Ministry says",7/29/2025,https://apnews.com/article/palestinians-death-toll-war-health-ministry-816d592952814db869924f9626ca8876,"Gaza’s Health Ministry says over 60,000 Palestinians have been killed in the 21-month Israel-Hamas war."
Iraq’s prime minister seeks closer US ties while keeping armed groups at bay,7/29/2025,https://apnews.com/article/iraq-sudani-interview-iran-israel-pmf-76f33efb8a903361b01eaed6b96ec040,Iraq’s prime minister has kept the country on the sidelines as military conflicts raged nearby for almost two years.
Russia responds to Trump’s new 10-day deadline on Ukraine war,7/29/2025,https://apnews.com/video/russia-responds-to-trumps-new-10-day-deadline-on-ukraine-war-4ab32d1dd05c4207808c94e3ec68dcaa,President Donald Trump’s said yesterday he would move up a 50-day deadline for Russia to agree to a peace deal in Ukraine to 10-12 days.
US job openings fell to 7.4 million last month as job market continues to cool,7/29/2025,https://apnews.com/article/job-openings-economy-unemployment-trump-tariffs-e947a345b65792e7ecde0b52947c2ee7,"Employers posted 7.4 million job vacancies last month, a sign that the American job market continues to cool."
Anti-war demonstrators protest the arrival of an Israeli cruise ship on the Greek island of Crete,7/29/2025,https://apnews.com/article/israeli-cruise-ship-greece-gaza-protest-tourism-8e127f13348217bc032855621d3ea527,Demonstrators calling for an end to the war in Gaza have protested the arrival of an Israeli cruise ship on another Greek island.
Photos of Gaza’s worsening food crisis,7/29/2025,https://apnews.com/photo-gallery/israel-palestinians-war-gaza-humanitarian-crisis-photos-91ece76e0920b64e6d82edd3b96b6455,"GAZA CITY, Gaza Strip (AP) — Experts warn that Gaza is nearing famine, citing Israel’s blockade and military offensive following Hamas’ Oct. 7, 2023, attack."
"13 children died of malnutrition-related causes in a Darfur camp, a Sudan doctors’ group says",7/29/2025,https://apnews.com/article/sudan-war-darfur-malnutirition-famine-5792fded09906743e152b5e49b755eca,A doctors’ group in Sudan says 13 children have died from malnutrition-related causes in a camp for displaced people as civil war rages.
"IMF upgrades outlook for global economy, citing less-than-expected damage from Trump’s trade wars",7/29/2025,https://apnews.com/article/imf-world-economy-trump-tariff-china-f384c9c165b0c7152edb53d66a9ebd6b,The International Monetary Fund is upgrading the economic outlook for the world this year because President Donald Trump’s protectionist trade policies have so far proven less damaging than expected.
"Jordan, UAE and other countries air drop aid into Gaza",7/29/2025,https://apnews.com/video/jordan-uae-and-other-countries-air-drop-aid-into-gaza-51b166cd43f2401893ad56c228121570,"It was the third consecutive day aid was dropped, following the latest measures taken by Israel responding to the international pressure due to the humanitarian crisis in Gaza and images of emaciated children in the war-torn territory."
"Trump’s tariffs could squeeze US factories and boost costs by up to 4.5%, a new analysis finds",7/29/2025,https://apnews.com/article/trump-tariffs-factory-costs-manufacturing-4c928842b57c7f36db9d5ca26a84108b,A new analysis suggests President Donald Trump’s tariffs could increase factory costs by 2% to 4.5%.
India says 3 militants killed in Kashmir were behind the massacre that sparked a clash with Pakistan,7/29/2025,https://apnews.com/article/india-pakistan-kashmir-shooting-08b173a344040d6b62a730fda85b1d9c,A government minister in India says three suspected militants killed in a gunfight in Kashmir were responsible for a massacre earlier this year.
"Lebanon sentences six in killing of UN peacekeeper, main defendant gets death penalty",7/29/2025,https://apnews.com/article/lebanon-unifil-peacekeeper-killed-8dbdd1f3909dba258bf17d0748f98292,"Lebanon’s military court has convicted six people for killing a U.N. peacekeeper, according to the United Nations Interim Force in Lebanon."
Poland says 32 people detained and suspected of coordinating with Russia for sabotage,7/29/2025,https://apnews.com/article/poland-russia-sabotage-ukraine-war-4b3cfe0ea3a9d8f9c6147f3c573363dd,Polish Prime Minister Donald Tusk says authorities have detained 32 people suspected of coordinating with Russia to engage in acts of sabotage.
Netherlands bans far-right Israeli ministers as EU considers sanctions over Gaza,7/29/2025,https://apnews.com/article/netherlands-israel-gaza-entry-ban-ministers-a5351f28ce17fb79a5800d21bbfb6f12,The Netherlands has banned two far-right Israeli ministers from entering the country. The move comes as the European Union considers partially suspending Israel’s access to a science and technology program.
First group of Syrian refugees returns home from Lebanon under new UN plan,7/29/2025,https://apnews.com/article/lebanon-syrian-refugees-returns-unhcr-d42e2c453322c1f320d92a94f06d8d17,The first group of Syrian refugees has returned home from Lebanon under a new plan developed by the United Nations and the Lebanese government.
Much of aid entering Gaza being hoarded by gangs and sold at exorbitant prices,7/29/2025,https://apnews.com/video/much-of-aid-entering-gaza-being-hoarded-by-gangs-and-sold-at-exorbitant-prices-c8f6f8c097374ceeac5db8645f1385bd,Since Israel’s offensive led to a security breakdown in Gaza that has made it nearly impossible to safely deliver food to starving Palestinians.
Higher US tariffs part of the price Europe was willing to pay for its security and arms for Ukraine,7/29/2025,https://apnews.com/article/europe-trump-security-tariffs-ukraine-russia-cb323423c4317c89410c0dee3d389753,The EU-U.S. tariff agreement sealed over the weekend has been described as a “dark day” for Europe and even a capitulation to American demands.
Iraq’s Prime Minister seeks closer ties with US while keeping armed groups at bay,7/29/2025,https://apnews.com/video/iraqs-prime-minister-seeks-closer-ties-with-us-while-keeping-armed-groups-at-bay-a1c90cae191249369309f4fc1df574a2,The prime minister of Iraq has kept his country on the sidelines as military conflicts raged nearby for almost two years.
AP explains Thailand and Cambodia’s uneasy ceasefire,7/29/2025,https://apnews.com/video/ap-explains-thailand-and-cambodias-uneasy-ceasefire-2631deffea10439ca063bb32269165a2,Tensions lingered despite a truce agreement to end deadly border clashes between Thailand and Cambodia after economic pressure from the U.S.
"What to expect, and what not to, at the UN meeting on an Israel-Palestinian two-state solution",7/29/2025,https://apnews.com/article/un-meeting-palestinians-twostate-israel-conflict-us-1ca1c5953ca31f76682276fa024a381b,The U.N. General Assembly has brought high-level officials together to promote a two-state solution to the decades-old Israeli-Palestinian conflict.
Guterres calls for an end to war in Gaza and the implementation of two state solution,7/29/2025,https://apnews.com/video/guterres-calls-for-an-end-to-war-in-gaza-and-the-implementation-of-two-state-solution-2dd0b0e38813451cb0e4756b5373f7ff,U.N. Secretary General Antonio Guterres called Monday for and end to the war in Gaza and the implementation of a two-state solution at a high level conference in New York.
Smoke seen rising on the Gaza skyline from southern Israel,7/29/2025,https://apnews.com/video/smoke-seen-rising-on-the-gaza-skyline-from-southern-israel-a19a1051593342d1b5280632b022752c,"Smoke was seen rising on the Gaza skyline from southern Israel as the Palestinian death toll in the enclave nears 60,000."
The top photos of the day by AP’s photojournalists,7/29/2025,https://apnews.com/photo-gallery/associated-press-top-photos-july-28-2025-0246a0715a2c045f49dc11f6a08394c4,"From front-page news to powerful moments you may have missed, this gallery showcases today’s top photos chosen by Associated Press photo editors."
Lebanon mourns iconic composer Ziad Rahbani as mother Fayrouz makes rare appearance,7/29/2025,https://apnews.com/article/fayrouz-ziad-rahbani-funeral-beirut-icon-composer-febd793f7bf83da5e791356ff0da3c6a,"Hundreds of people in Lebanon have paid tribute to iconic composer, pianist and playwright Ziad Rahbani, who died over the weekend."
Thailand and Cambodia agree to a ceasefire in their deadly border clashes,7/29/2025,https://apnews.com/article/thailand-cambodia-armed-clash-border-ceasefire-talks-6d8cc517df1be1ad0bf911fe1c81c765,"Thailand and Cambodia have agreed to an unconditional ceasefire to end deadly border clashes. Malaysian Prime Minister Anwar Ibrahim announced the agreement Monday after hosting the talks as annual chair of the ASEAN regional bloc, saying the ceasefire comes into effect at midnight local time."
Ukrainians honour soldiers killed in prison blast,7/29/2025,https://apnews.com/video/ukrainians-honour-soldiers-killed-in-prison-blast-4081a13eaf994130a57db69585e7fa68,Soldiers and civilians gathered in Kyiv’s Independence Square on Monday to commemorate the third anniversary of an explosion that killed 53 Ukrainians held by Russia in the Olenivka prison barracks in occupied Donetsk region.
"Gangs and merchants sell food aid in Gaza, where Israel’s offensive has shattered security",7/29/2025,https://apnews.com/article/israel-palestinians-hamas-war-aid-un-ghf-567c5bffd5d7ae4cc54ea0816a159f8f,"Since Israel’s offensive led to a security breakdown in Gaza that has made it nearly impossible to safely deliver food to starving Palestinians, much of the limited aid entering is being hoarded by gangs and merchants and sold at exorbitant prices."
North Korea says Kim-Trump ties are ‘not bad’ but it’s not giving up its nuclear weapons,7/29/2025,https://apnews.com/article/north-korea-kim-sister-us-trump-80ff47041d5de8a6b2902031ad3db59b,"The powerful sister of North Korean leader Kim Jong Un has dismissed the U.S.’s intent to resume diplomacy on North Korea’s denuclearization. In his second term, U.S."
Baby dies following cesarean delivery after mother killed in Israeli airstrike in Gaza,7/29/2025,https://apnews.com/video/baby-dies-following-cesarean-delivery-after-mother-killed-in-israeli-airstrike-in-gaza-7fdd3c12879c4ffda7b837d96f6ac050,"A newborn died Monday afternoon, hours after she was delivered in a surgery following the killing of her mother in Gaza Strip, a hospital said."
"Israeli fire kills dozens in Gaza, officials say, as aid delivery remains chaotic after new measures",7/29/2025,https://apnews.com/article/israel-palestinians-hamas-gaza-war-news-07-28-2025-7586cb243643b9a875f87624277127b9,Local health officials in Gaza say that at least 78 Palestinians have been killed by Israeli strikes or gunfire across the territory.
Trump says he’s shortening the 50-day deadline for Russia to end the war in Ukraine,7/29/2025,https://apnews.com/article/russia-ukraine-trump-putin-deadline-ultimatum-0e4cfb5969be5d02217be90f7521ce48,U.S. President Donald Trump says he intends to shorten the 50-day deadline he gave Russian President Vladimir Putin to reach a deal that ends the three-year war in Ukraine.
Released Israeli-Argentinian hostage fights for brother still held by Hamas,7/29/2025,https://apnews.com/article/israel-gaza-palestinian-hamas-hostages-humanitarian-aid-b8d65cfaaabf7f747301bcdac1f5314f,"As Israel has announced steps to increase humanitarian aid in Gaza, former hostage Iair Horn knows firsthand the impact of aid."
France calls on the EU to pressure Israel to come to the table on Palestinian two-state solution,7/29/2025,https://apnews.com/article/un-palestinians-israel-twostate-solution-afd1fff5eb30062bbc6137643310f2b3,France is calling on the European Union to pressure Israel to agree to a two-state solution with the Palestinians.
Explosion seen from southern Israel lights up the Gaza skyline at night,7/29/2025,https://apnews.com/video/explosion-seen-from-southern-israel-lights-up-the-gaza-skyline-at-night-54783a59325d41c8a319afc5517a8049,An explosion lit up the Gaza skyline early on Tuesday as Israeli strikes on the enclave continued.
Aid delivery in Gaza Strip remains chaotic after Israel moves to ease restrictions - AP explains,7/29/2025,https://apnews.com/video/aid-delivery-in-gaza-strip-remains-chaotic-after-israel-moves-to-ease-restrictions-ap-explains-dd1a9a3bbdfe43ffab2cda0f388bf99c,"Israel said over the weekend the military would pause operations in Gaza City, Deir al-Balah and Muwasi for 10 hours a day and designate secure routes for aid delivery as the hunger crisis grows in Gaza."
Trump calls for more Gaza aid during meeting with UK’s prime minister,7/29/2025,https://apnews.com/live/donald-trump-news-updates-7-28-2025,"Follow the latest news on President Donald Trump and his administration | July 28, 2025"
Trump is getting the world economy he wants — but the risk to growth could spoil his victory lap,7/29/2025,https://apnews.com/article/trump-tariffs-europe-eu-trade-win-b702e8a29505f700a7462078d4d4535d,President Donald Trump is getting his way with the world economy. Trading partners from the European Union to Japan to Vietnam appear to be acceding to his demands to accept higher costs in the form of high tariffs.
The Latest: Trump meets Starmer and disagrees with Netanyahu’s claim of no starvation in Gaza,7/29/2025,https://apnews.com/article/israel-gaza-mideast-wars-hamas-latest-07-24-2025-bcf6e56a33e65a392a58a44d0c853d24,Israeli strikes killed at least 36 Palestinians before U.S. President Donald Trump met with British Prime Minister Keir Starmer.
AP top stories July 28,7/29/2025,https://apnews.com/video/ap-top-stories-july-28-49766ffcbebd4f0f955397acb6ef1b7e,"Here’s the latest for Monday, July 28th: Trump presses Israel to provide more aid to stem starvation in Gaza; Shooting outside Nevada casino; Former NC Gov."
France calls on the EU to pressure Israel to come to the table on Palestinian two-state solution,7/29/2025,https://apnews.com/video/france-calls-on-the-eu-to-pressure-israel-to-come-to-the-table-on-palestinian-two-state-solution-36eb8d494c5f424ea6c1730c53c692f8,France is calling on the European Union to pressure Israel to agree to a two-state solution with the Palestinians.
Former Democratic Gov. Roy Cooper will run for the US Senate in North Carolina in 2026,7/29/2025,https://apnews.com/article/north-carolina-senate-roy-cooper-tillis-49e7b69b20db803f75a1893e1e890f18,"Former Democratic Gov. Roy Cooper will run for the U.S. Senate in North Carolina, giving Democrats a proven statewide winner in an open-seat race that is expected to be one of the most competitive 2026 contests."
Trump moves to lift visa restrictions for Argentina in a boost to his right-wing ally,7/29/2025,https://apnews.com/article/argentina-visa-travel-trump-15818046d6a10f91c875296c351b0bec,The United States and Argentina have announced plans to allow Argentine tourists to travel to the U.S. without a visa.
Netanyahu claims no one in Gaza is starving. Data and witnesses disagree,7/29/2025,https://apnews.com/article/gaza-starvation-israel-palestinians-aid-netanyahu-war-5315b1bdf244a21790a056570bb0ae19,Israeli Prime Minister Benjamin Netanyahu says no one in Gaza is starving. President Donald Trump disagrees and notes the images emerging of emaciated people.
"What to Stream: Reneé Rapp, ‘The Phoenician Scheme,’ Elvis rarities, Anthony Mackie and Jason Momoa",7/29/2025,https://apnews.com/article/stream-tv-movies-games-music-july-aug-2025-29bc92d70065b132ad6fbefbb2866738,"Benicio Del Toro starring in Wes Anderson’s “The Phoenician Scheme”and Reneé Rapp’s second studio album “Bite Me” are some of the new television, films, music and games headed to a device near you.."
Reaction to the European Union’s trade agreement with the Trump administration,7/29/2025,https://apnews.com/article/tariff-trump-eu-france-hungary-trade-war-9e3e62fa774811963e155a7f24627ce3,The European Union’s trade agreement with the Trump administration is receiving mixed reviews. EU officials claim they avoided a major economic disaster.
"Trump talks Gaza, Ukraine and his golf course, in meeting with UK’s prime minister",7/29/2025,https://apnews.com/article/trump-scotland-starmer-golf-course-trade-cf9ebbfb9cb2614ec59f0de67d3fd5fc,President Donald Trump has announced plans to press Israel for more food aid to Gaza. Trump made the statement during a meeting Monday with British Prime Minister Keir Starmer at Trump’s Turnberry golf course in Scotland.
"US-EU deal sets a 15% tariff on most goods and averts the threat of a trade war, AP Explains",7/29/2025,https://apnews.com/video/us-eu-deal-sets-a-15-tariff-on-most-goods-and-averts-the-threat-of-a-trade-war-ap-explains-8d3990032ade4ab7b8145ccd353574fc,"U.S. President Donald Trump and European Commission President Ursula von der Leyen have announced a sweeping trade deal that imposes 15% tariffs on most European goods, warding off Trump’s threat of a 30% rate if no deal had been reached by Aug. 1."
Trump says he wants Netanyahu to ‘make sure they get the food’ in Gaza amid humanitarian crisis,7/29/2025,https://apnews.com/article/trump-gaza-israel-netanyahu-ad726ad46bce50cf1e023f50a37e5b3d,"President Donald Trump has expressed concern over the humanitarian crisis in Gaza, urging Israel to ensure food reaches the people there."
Two Israeli rights groups say their country is committing genocide in Gaza,7/29/2025,https://apnews.com/article/genocide-israel-gaza-human-rights-palestinians-reports-5dc7c99fb0a3e7416564c78986ce7f5f,"Two prominent Israeli rights groups say their country is committing genocide in Gaza. It’s the first time that local, Jewish-led groups have made such accusations against Israel during nearly 22 months of war."
Yemen’s Houthi rebels threaten to escalate attacks on ships linked to companies dealing with Israel,7/28/2025,https://apnews.com/article/houthi-shipping-attacks-israel-red-sea-002a52ed270245427fbe29a0118c3711,"Yemen’s Houthi rebels say they will target merchant ships belonging to any company that does business with Israeli ports, regardless of nationality, as part of what they say is a new phase of their operations against Israel."
Trump demands Netanyahu ‘make sure they get the food’ in Gaza as humanitarian crisis worsens,7/28/2025,https://apnews.com/video/trump-demands-netanyahu-make-sure-they-get-the-food-in-gaza-as-humanitarian-crisis-worsens-1815613f92fc4ef181d12a2d8b8c23a2,President Donald Trump expressed concern over the humanitarian situation in Gaza Monday and said the US will set up food centers but urged Israel to “make sure they get the food.”
Riot police scuffle with demonstrators on Greek island during visit by Israeli cruise ship,7/28/2025,https://apnews.com/article/greece-israel-cruise-gaza-protest-crown-iris-8da49344edee347cf0ac5b6c88e18eeb,Scuffles have broken out between riot police and demonstrators on the Greek island of Rhodes during a protest against the war in Gaza.
Thailand and Cambodia announce ‘immediate and unconditional’ ceasefire,7/28/2025,https://apnews.com/video/thailand-and-cambodia-announce-immediate-and-unconditional-ceasefire-e22fc5926e984b8da8fe6f25d6fe54bc,"Thailand and Cambodia have agreed to an “unconditional” ceasefire starting at midnight, Malaysian Prime Minister Anwar Ibrahim said Monday."
"Book Review: ‘Victory ‘45’ chronicles the long, winding road to ending WWII",7/28/2025,https://apnews.com/article/victory-45-book-review-holland-murray-4f41850794eee3573325c73918364061,"A new book, “Victory ’45: The End of the War in Eight Surrenders” by James Holland and Al Murray, explores the complex end of World War II."
UN high level meeting on Israel-Palestinian two-state solution gets underway,7/28/2025,https://apnews.com/video/un-high-level-meeting-on-israel-palestinian-two-state-solution-gets-underway-95c264b5ef544055b2b571f29741a5be,A United Nations High-level conference on a two-state solution for Israel and Palestine got underway in New York on Monday.
"Trump comments on migration, war and free speech as he arrives at Turnberry",7/28/2025,https://apnews.com/video/trump-comments-on-migration-war-and-free-speech-as-he-arrives-at-turnberry-452dacfd83a1489c878bee6121fea5a0,"Speaking at one of his Scottish golf courses in Turnberry, Trump weighed in on illegal crossings being made across the English Channel, applauding UK Prime Minister Keir Starmer’s efforts to curb illegal migration."
Humanitarian aid dropped on Gaza Strip over past two days,7/28/2025,https://apnews.com/video/humanitarian-aid-dropped-on-gaza-strip-over-past-two-days-3df9d31b22314e759db5fed9e796e6d6,More humanitarian aid was airdropped into Gaza for a second day after Israel announced a daily 10-hour pause in some areas to improve aid flow.
Trump on Gaza as he meets UK PM in Scotland,7/28/2025,https://apnews.com/video/trump-on-gaza-as-he-meets-uk-pm-in-scotland-b788ed2c97404e9ebe9031fdf6177a37,US President Donald Trump on Monday disagreed with Israeli Prime Minister Benjamin Netanyahu’s claims that there was no starvation in Gaza.
Today in Sports - Michael Johnson sweeps to victory in an Olympic 400-meter record 43.49 seconds,7/28/2025,https://apnews.com/article/michael-johnson-sarah-sjostrom-swimming-b9c56fcc8d485d10ce92faaaecf8371e,"Today in Sports, July 29 - Michael Johnson sweeps to victory in an Olympic 400-meter record 43.49 seconds"
India says its troops killed 3 suspected militants in Kashmir fighting,7/28/2025,https://apnews.com/article/india-pakistan-kashmir-gunfight-5468da2749e282612d499bb720a7c390,Indian troops have killed three suspected militants in a gunfight in Kashmir. Officials said Monday the clash occurred in a forested area near the disputed region’s main city of Srinagar.
"Horst Mahler, a German Holocaust denier who was once a far-left militant, dies at 89",7/28/2025,https://apnews.com/article/germany-horst-mahler-holocaust-denier-dead-b5e090b0116f96fe9acf2a8d080518dd,"Horst Mahler, a founding member of the Red Army Faction who later became a right-wing extremist, has died at 89."
Released Israeli-Argentinian hostage fights for brother still held by Hamas,7/28/2025,https://apnews.com/video/released-israeli-argentinian-hostage-fights-for-brother-still-held-by-hamas-a9e3f4eb7c3345df999f4b68e0557772,"Hamas militants kidnapped Iair Horn and his brother Eitan at Kibbutz Nir Oz during their cross-border attack on Oct. 7, 2023."
Thailand and Cambodia agree ‘immediate and unconditional’ ceasefire,7/28/2025,https://apnews.com/video/thailand-and-cambodia-agree-immediate-and-unconditional-ceasefire-047b7efd3edd4dcf9f417a0ae565110e,Malaysian leader Anwar Ibrahim says Thailand and Cambodia have agreed to an “immediate and unconditional” ceasefire.
UAE military plane drops humanitarian and relief aid into Gaza,7/28/2025,https://apnews.com/video/uae-military-plane-drops-humanitarian-and-relief-aid-into-gaza-0c40f0fa8af044b0b748bf5a531ca3b8,UAE and Jordan carried out on Sunday the first airdrops of humanitarian aid into Gaza in months. One Emirati and two Jordanian military planes took off from Jordan loaded with 25 tonnes of humanitarian and relief aid which was dropped over Gaza.
"Freed from Russian prisons, Ukrainian soldiers lean into counseling to rebuild their lives",7/28/2025,https://apnews.com/article/russia-ukraine-war-pow-ptsd-trauma-2e78bd40e001f7b5785212e5c094467a,"A former Ukrainian prisoner of war has embraced life with urgency since his release in April. In one week, Stanislav Tarnavskyi proposed to his girlfriend, bought an apartment and adopted a puppy."
AP Top Stories July 28,7/28/2025,https://apnews.com/video/ap-top-stories-july-28-d4257f0ad5c547acbddfffd63708bef0,"Here’s the latest for Monday, July 28th: U.S. and European Union announce trade deal framework; Israel says it will pause fighting so aid can go to Gaza; Michigan stabbing suspect expected to face terrorism charges; Passengers use slides to evacuate plane in Denver."
Kim Jong Un’s sister rejects outreach by South Korea’s new president,7/28/2025,https://apnews.com/article/north-korea-kim-sister-south-tensions-b951e28a509350d018dee910fd1bce56,"The influential sister of North Korean leader Kim Jong Un has rebuffed outreach by South Korea’s new liberal government, saying that North Korea has no interests in talks with South Korea, no matter what proposal its rival offers."
Former POWs in Russia channel their pain into rebuilding lives in Ukraine,7/28/2025,https://apnews.com/video/former-pows-in-russia-channel-their-pain-into-rebuilding-lives-in-ukraine-b826a8877a0b4775a4260e38803b5796,"Former Ukrainian prisoner of war, Denys Zalizko is almost unrecognizable from the frail figure who stepped off the bus with other freed POWs in May."
US-EU deal sets a 15% tariff on most goods and averts the threat of a trade war with a global shock,7/28/2025,https://apnews.com/article/trump-scotland-tariffs-europe-8d2fb467d64f7fdfc4797dbebd54e8fc,The United States and the European Union have agreed to a trade framework setting a 15% tariff on most goods.
Palestinians in Gaza say aid efforts not enough to reach all those in need,7/28/2025,https://apnews.com/video/palestinians-in-gaza-say-aid-efforts-not-enough-to-reach-all-those-in-need-c3442005d7f24a2181a514a9428c2a8a,Palestinians in Gaza said aid packages dropped by Israel and other nations on Sunday and the dozens of aid trucks that entered the enclave are not enough and have not reached the population of more than 2 million people.
Jordan and UAE drop aid over the Gaza Strip for the first time in months,7/28/2025,https://apnews.com/video/jordan-and-uae-drop-aid-over-the-gaza-strip-for-the-first-time-in-months-7dcc0be4976c4fd3b8d75913406a9e35,"Jordan had carried out three airdrops over the skies of Gaza, including one in cooperation with the United Arab Emirates on Sunday."
"Sudan’s paramilitaries announces a parallel government, deepening the country’s crisis",7/28/2025,https://apnews.com/article/sudan-war-miliary-rsd-darfur-parallel-government-f5351971583d40506fe03e383265e616,"A paramilitary group in Sudan has announced the formation of a parallel government in areas it controls, mainly in Darfur."
"Tom Lehrer, song satirist and mathematician, dies at 97",7/28/2025,https://apnews.com/article/tom-lehrer-son-satirist-mathematician-dies-9caa7ee01faf4fbfb793d7ba984c179d,"Tom Lehrer, a song satirist who gained a popular following in the 1950s and ’60s lampooning marriage, politics, racism and the Cold War, and then largely abandoned his music career to return to teaching math at Harvard and other universities, has died at 97."
Israel begins daily pause in fighting in 3 Gaza areas to allow ‘minimal’ aid as hunger grows,7/28/2025,https://apnews.com/article/mideast-wars-gaza-israel-pause-hunger-9752f9dbdbb1b85aac515ffe3e859216,Israel’s military has begun a limited pause in fighting in three populated areas of Gaza for 10 hours a day as part of humanitarian measures including airdrops as concerns grow over hunger.
"Netanyahu denies widespread reports of starvation in Gaza, blames Hamas for stealing aid",7/28/2025,https://apnews.com/video/netanyahu-denies-widespread-reports-of-starvation-in-gaza-blames-hamas-for-stealing-aid-755b990f15ac4e5499a4bd312bcc3fae,Israeli Prime Minister Netanyahu denied widespread reports of starvation in Gaza on Sunday and blamed Hamas for stealing aid. “What a bold-faced lie.
George Lucas tells Comic-Con crowd his new museum will be ‘a temple to the people’s art’,7/28/2025,https://apnews.com/article/george-lucas-comiccon-museum-star-wars-5714b64e9459169e71b4e386240e37f7,George Lucas has made his first appearance at Comic-Con in San Diego. The 81-year-old got a big ovation from thousands of fans when he took the stage.
First-round pick Shemar Stewart has plenty of learning moments during his initial Bengals’ practice,7/28/2025,https://apnews.com/article/cincinnati-bengals-shemar-stewart-7e7de5abc3ed0f33d07578bf52bdb617,"One day after signing his rookie contact, Cincinnati Bengals defensive end Shemar Stewart took the field for his first NFL practice on Sunday."
Tour de France Winners,7/27/2025,https://apnews.com/article/bernard-hinault-france-jacques-anquetil-eddy-merckx-miguel-indurain-20b56eef4b98c816b09be476499bc6ad,"2025 — Tadej Pogacar, Slovenia2024 — Tadej Pogacar, Slovenia2023 — Jonas Vingegaard, Denmark2021 — Tadej Pogacar, Slovenia"
Russia scales down celebrations honoring its navy as Ukraine launches more drone attacks,7/27/2025,https://apnews.com/article/russia-ukraine-war-putin-navy-b895fd179433ce1f555795e86891fc32,Russia has scaled down its Navy Day celebrations due to security concerns from ongoing Ukrainian drone attacks. Authorities canceled warship parades in St.
Thai and Cambodian leaders to meet in Malaysia for talks to end deadly border dispute,7/27/2025,https://apnews.com/article/thailand-cambodia-armed-clash-border-ceasefire-ae1ca49539793aeaf0ce71d4d1cf42a0,Thai and Cambodian leaders will meet in Malaysia to discuss ending hostilities. This follows pressure from U.S.
Iran executes 2 opposition members over alleged attacks on civilian sites,7/27/2025,https://apnews.com/article/mujahedeen-activists-executed-iran-dbff689584c96b44b8641f91f0a69353,Iran says it has executed two members of an exiled opposition group after convicting them of carrying out attacks on public and civilian infrastructure.
Netanyahu: UN making up ‘excuses’ about not being able to deliver aid to Gaza,7/27/2025,https://apnews.com/video/netanyahu-un-making-up-excuses-about-not-being-able-to-deliver-aid-to-gaza-3251a66243cc40ff9fa7f590a6f88bee,"Israeli Prime Minister Benjamin Netanyahu on Sunday accused the U.N. of “making excuses and lies about the State of Israel,” as concerns over hunger in the Gaza Strip mount."
"Pope renews appeal for peace, urges leaders to end conflicts and respect humanitarian law",7/27/2025,https://apnews.com/video/pope-renews-appeal-for-peace-urges-leaders-to-end-conflicts-and-respect-humanitarian-law-49ba956ebc2e4e48be7a81624f4a7d2f,"Pope Leo XIV renewed his appeal for peace on Sunday, urging government leaders to stop wars. The head of the Catholic Church also said that he was praying for the people caught in clashes along the Thai-Cambodian border."
Families of Americans slain in the West Bank lose hope for justice,7/27/2025,https://apnews.com/article/israel-palestinians-killed-west-bank-trump-gaza-41ec0962b4fe87498a781b87f85949ba,Families of Palestinian-Americans killed in the West Bank are demanding justice. They say Israeli settlers and forces have killed four American teenagers of Palestinian descent since the Gaza war began.
More aid dropped by plane over Gaza Strip amid concerns over worsening humanitarian situation,7/27/2025,https://apnews.com/video/more-aid-dropped-by-plane-over-gaza-strip-amid-concerns-over-worsening-humanitarian-situation-bb110eaddeca49b98be691cc839e560c,"The Israeli military on Sunday began a limited pause in fighting in three populated areas of Gaza for 10 hours a day, part of a series of steps that included multiple airdrops."
Trucks carrying much-needed aid supplies for Gaza cross Egyptian side of Rafah border crossing,7/27/2025,https://apnews.com/video/trucks-carrying-much-needed-aid-supplies-for-gaza-cross-egyptian-side-of-rafah-border-crossing-6b11312ddcdc4f8288143cc958993cf5,"Dozens of trucks carrying humanitarian aid in Egypt’s Sinai Peninsula started to move towards the Kerem Shalom crossing for inspections on Sunday before being allowed into Gaza Strip, according to Egypt’s state-run Al-Qahera News TV."
Extremist rebels capture remote but key town in central Somalia,7/27/2025,https://apnews.com/article/somalia-town-captured-alshabab-4ccf935efc09dcc9264412919d2e2068,Al-Shabab rebels have seized the central Somali town of Mahaas after an assault involving explosions and a ground offensive.
Plane drops aid over Gaza Strip amid concerns over worsening humanitarian situation,7/27/2025,https://apnews.com/video/plane-drops-aid-over-gaza-strip-amid-concerns-over-worsening-humanitarian-situation-1cbe524165b8469ea9c656885c378ebe,"A plane was seen dropping aid over the Gaza Strip on Sunday, as Israel launched a series of steps to alleviate the humanitarian crisis there."
Trump once decried the idea of presidential vacations. His Scotland trip is built around golf,7/27/2025,https://apnews.com/article/trump-scotland-golf-presidential-vacations-43364ff17b7ae49602909644be9fd260,"Donald Trump once decried the idea of taking vacations as president. During his presidential campaign in 2015, he pledged to “rarely leave the White House.”"
Trump plays golf in Scotland while protesters take to the streets and decry his visit,7/27/2025,https://apnews.com/article/trump-scotland-protests-golf-starmer-tariffs-1c9b7265e56c6ec01821e1c33eb9de14,President Donald Trump has played golf at his course on Scotland’s coast while protesters around the country took to the streets to decry his visit and accuse United Kingdom leaders of pandering to the American.
Thai evacuees hope for end to fighting as Cambodia conflict enters fourth day,7/27/2025,https://apnews.com/video/thai-evacuees-hope-for-end-to-fighting-as-cambodia-conflict-enters-fourth-day-f93d1d2d222145faa6cb5f2281493dd0,Evacuation centers in Thailand near the Cambodian border continue to house masses of civilians who have fled the armed conflict.
Desperate Palestinians willing to risk life in attempt to secure food aid for their families,7/27/2025,https://apnews.com/video/desperate-palestinians-willing-to-risk-life-in-attempt-to-secure-food-aid-for-their-families-0ca48aa8bccf4a579f9837c7fe6e54f4,Hundreds of weary Palestinians carried sacks of flour on their shoulders after they managed to fetch them from a truck envoy that entered Gaza.
Israel again intercepts Gaza-bound ship carrying activists and humanitarian aid,7/27/2025,https://apnews.com/article/gaza-blockade-activist-ship-seized-24c32eafd80d08a63e5bed8b83d5972f,"The Israeli military has intercepted a Gaza-bound aid ship, detaining 21 international activists and journalists and seizing all cargo, including baby formula, food, and medicine, according to the Freedom Flotilla Coalition."
"In Syria’s Sweida, the stench of death still lingers days after sectarian bloodshed",7/27/2025,https://apnews.com/article/syria-sweida-sectarianism-ahmad-alsharaa-druze-fighting-e1cec070de22805a492c9151c0ec6fd1,"In the aftermath of intense sectarian fighting, the eerily silent streets of Syria’s southern province of Sweida are filled with the stench of decaying bodies left uncollected for days amid scenes of charred buildings and burned-out cars."
"Death, fear, and despair enclose Syrian provincial capital of Sweida after fierce fighting",7/27/2025,https://apnews.com/video/death-fear-and-despair-enclose-syrian-provincial-capital-of-sweida-after-fierce-fighting-49284ce680b848ce867cabfc688e2f80,"The stench of decaying bodies hangs heavy in the streets of the provincial capital in Syria’s southern province of Sweida, where fighting recently erupted."
Intercepted ship carrying activists and humanitarian aid for Gaza arrives at Israel port,7/27/2025,https://apnews.com/video/intercepted-ship-carrying-activists-and-humanitarian-aid-for-gaza-arrives-at-israel-port-e1c7063783534ed68d33608ec037577b,"An aid ship intercepted by the Israeli military sailed towards the port of Ashdod on Sunday, accompanied by an Israeli navy vessel. (AP Video/Moshe Edri)"
Desperate Palestinians jostle for food at charity kitchen,7/27/2025,https://apnews.com/video/desperate-palestinians-jostle-for-food-at-charity-kitchen-f624fc23a8db45109f06bd3d57f45e73,"Dozens of Palestinians, mostly women and children, gathered around a charity kitchen in Gaza City, carrying their pots hoping to get food for themselves and their families."
Landlord imprisoned for decades in hate-crime attack on Palestinian American family has died,7/27/2025,https://apnews.com/article/palestinian-hate-crime-chicago-joseph-czuba-88344cd3643902ee2938366e7f190d81,A landlord who was sentenced to decades in prison for killing a Palestinian American boy and wounding his mother has died.
"Cambodia-Thailand conflict: Monks, dancers and volunteers offer respite as violence escalates",7/27/2025,https://apnews.com/video/cambodia-thailand-conflict-monks-dancers-and-volunteers-offer-respite-as-violence-escalates-60272697a5c14c408a7d4c946360fb3f,"Long-festering tensions over border territory have escalated into armed conflict between Cambodia and Thailand, leading to dozens of deaths on both sides and displacing tens of thousands of people."
"Cambodia-Thailand conflict: Monks, dancers and volunteers offer respite as violence escalates",7/27/2025,https://apnews.com/article/cambodia-thailand-monks-volunteers-donations-d92b0dfee396e6004585456d7d2b8270,"Long-festering tensions over border territory have escalated into armed conflict between Cambodia and Thailand, leading to dozens of deaths on both sides and displacing tens of thousands of people."
